ID,Name
0b80b9f973d3416fa0ef9a3f99e2adc8,jeff
0d78be2302c640cb8e4932912c5d24e9,Pedro Toro
19644a2a554144fea32bcc907fa61091,Michael Lewis
369cf25d52374062afb26a290596b716,Ilya K.
36e60238d52c41078fb3eccd5e999727,stub√º
43fff02ad02a4dbfadf3a8da7bbf100e,swilsonr
7067bed9d0be489f974da4ca7a5b9647,Teve torbs
9dfb04c0c29441a88ebfe6a9b18223b7,Dubs
c82db5a307e04d798e11205a5b574a89,Reid
cdff2a158d024562972b978b5b6dc2a3,Tony
e469fa0ebd0445ed8247f7b5b8291044,RFarr
f2d735cf08ef4f49b7bd726a93aa1f74,Steven Plays Guitar
